task_id,prompt_id
demo-000-450c5bbc:i01,demo-000-450c5bbc:p001
demo-000-450c5bbc:i02,demo-000-450c5bbc:p002
demo-000-450c5bbc:i02,demo-000-450c5bbc:p003
demo-000-450c5bbc:i02,demo-000-450c5bbc:p004
demo-000-450c5bbc:i02,demo-000-450c5bbc:p005
demo-000-450c5bbc:i02,demo-000-450c5bbc:p006
demo-000-450c5bbc:i03,demo-000-450c5bbc:p007
demo-000-450c5bbc:i03,demo-000-450c5bbc:p008
demo-000-450c5bbc:i03,demo-000-450c5bbc:p009
demo-000-450c5bbc:i03,demo-000-450c5bbc:p010
demo-000-450c5bbc:i03,demo-000-450c5bbc:p011
demo-000-450c5bbc:i03,demo-000-450c5bbc:p012
demo-000-450c5bbc:i03,demo-000-450c5bbc:p013
demo-000-450c5bbc:i04,demo-000-450c5bbc:p014
demo-000-450c5bbc:i04,demo-000-450c5bbc:p015
demo-000-450c5bbc:i05,demo-000-450c5bbc:p016
demo-000-450c5bbc:i05,demo-000-450c5bbc:p017
demo-000-450c5bbc:i06,demo-000-450c5bbc:p018
demo-000-450c5bbc:i06,demo-000-450c5bbc:p019
demo-000-450c5bbc:i06,demo-000-450c5bbc:p020
demo-000-450c5bbc:i06,demo-000-450c5bbc:p021
demo-000-450c5bbc:i07,demo-000-450c5bbc:p022
demo-000-450c5bbc:i07,demo-000-450c5bbc:p023
demo-000-450c5bbc:i07,demo-000-450c5bbc:p024
demo-000-450c5bbc:i07,demo-000-450c5bbc:p025
demo-000-450c5bbc:i07,demo-000-450c5bbc:p026
demo-000-450c5bbc:i08,demo-000-450c5bbc:p027
demo-000-450c5bbc:i08,demo-000-450c5bbc:p028
demo-000-450c5bbc:i08,demo-000-450c5bbc:p029
demo-000-450c5bbc:i08,demo-000-450c5bbc:p030
demo-000-450c5bbc:i08,demo-000-450c5bbc:p031
demo-000-450c5bbc:i08,demo-000-450c5bbc:p032
demo-000-450c5bbc:i08,demo-000-450c5bbc:p033
demo-000-450c5bbc:i08,demo-000-450c5bbc:p034
demo-000-450c5bbc:i08,demo-000-450c5bbc:p035
demo-000-450c5bbc:i09,demo-000-450c5bbc:p036
demo-001-638b2bb1:i01,demo-001-638b2bb1:p001
demo-001-638b2bb1:i01,demo-001-638b2bb1:p002
demo-001-638b2bb1:i01,demo-001-638b2bb1:p003
demo-001-638b2bb1:i01,demo-001-638b2bb1:p004
demo-001-638b2bb1:i01,demo-001-638b2bb1:p005
demo-002-8356f0d0:t01,demo-002-8356f0d0:p001
demo-002-8356f0d0:t01,demo-002-8356f0d0:p002
demo-002-8356f0d0:t01,demo-002-8356f0d0:p003
demo-002-8356f0d0:t01,demo-002-8356f0d0:p004
demo-002-8356f0d0:t01,demo-002-8356f0d0:p005
demo-002-8356f0d0:t01,demo-002-8356f0d0:p006
demo-002-8356f0d0:t01,demo-002-8356f0d0:p007
demo-002-8356f0d0:t01,demo-002-8356f0d0:p008
demo-002-8356f0d0:t01,demo-002-8356f0d0:p009
demo-002-8356f0d0:t01,demo-002-8356f0d0:p010
demo-002-8356f0d0:t01,demo-002-8356f0d0:p011
demo-002-8356f0d0:t01,demo-002-8356f0d0:p012
demo-002-8356f0d0:t01,demo-002-8356f0d0:p013
demo-003-47ba47d3:i01,demo-003-47ba47d3:p001
demo-003-47ba47d3:i02,demo-003-47ba47d3:p002
demo-003-47ba47d3:i02,demo-003-47ba47d3:p003
demo-003-47ba47d3:i03,demo-003-47ba47d3:p004
demo-003-47ba47d3:i03,demo-003-47ba47d3:p005
demo-003-47ba47d3:i03,demo-003-47ba47d3:p006
demo-003-47ba47d3:i04,demo-003-47ba47d3:p007
demo-003-47ba47d3:i04,demo-003-47ba47d3:p008
demo-003-47ba47d3:i04,demo-003-47ba47d3:p009
demo-003-47ba47d3:i05,demo-003-47ba47d3:p010
demo-004-1e214b52:t01,demo-004-1e214b52:p001
demo-004-1e214b52:t01,demo-004-1e214b52:p002
demo-004-1e214b52:t01,demo-004-1e214b52:p003
demo-004-1e214b52:t01,demo-004-1e214b52:p004
demo-004-1e214b52:t01,demo-004-1e214b52:p005
demo-004-1e214b52:t01,demo-004-1e214b52:p006
demo-004-1e214b52:t01,demo-004-1e214b52:p007
demo-004-1e214b52:t01,demo-004-1e214b52:p008
demo-004-1e214b52:t01,demo-004-1e214b52:p009
demo-004-1e214b52:t01,demo-004-1e214b52:p010
demo-004-1e214b52:t01,demo-004-1e214b52:p011
demo-004-1e214b52:t01,demo-004-1e214b52:p012
demo-004-1e214b52:t01,demo-004-1e214b52:p013
demo-004-1e214b52:t01,demo-004-1e214b52:p014
demo-004-1e214b52:t01,demo-004-1e214b52:p015
demo-004-1e214b52:t01,demo-004-1e214b52:p016
demo-004-1e214b52:t01,demo-004-1e214b52:p017
demo-005-5ae14d75:i01,demo-005-5ae14d75:p001
demo-005-5ae14d75:i01,demo-005-5ae14d75:p002
demo-005-5ae14d75:i02,demo-005-5ae14d75:p003
demo-005-5ae14d75:i03,demo-005-5ae14d75:p004
demo-005-5ae14d75:i03,demo-005-5ae14d75:p005
demo-005-5ae14d75:i03,demo-005-5ae14d75:p006
demo-006-1fb999e6:t01,demo-006-1fb999e6:p001
demo-006-1fb999e6:t02,demo-006-1fb999e6:p002
demo-006-1fb999e6:t02,demo-006-1fb999e6:p003
demo-006-1fb999e6:t02,demo-006-1fb999e6:p004
demo-006-1fb999e6:t02,demo-006-1fb999e6:p005
demo-006-1fb999e6:t02,demo-006-1fb999e6:p006
demo-006-1fb999e6:t02,demo-006-1fb999e6:p007
demo-006-1fb999e6:t02,demo-006-1fb999e6:p008
demo-006-1fb999e6:t02,demo-006-1fb999e6:p009
demo-006-1fb999e6:t02,demo-006-1fb999e6:p010
demo-007-0b96130a:i01,demo-007-0b96130a:p001
demo-007-0b96130a:i02,demo-007-0b96130a:p002
demo-007-0b96130a:i02,demo-007-0b96130a:p003
demo-007-0b96130a:i02,demo-007-0b96130a:p004
demo-008-493d65aa:t01,demo-008-493d65aa:p001
demo-008-493d65aa:t01,demo-008-493d65aa:p002
demo-008-493d65aa:t01,demo-008-493d65aa:p003
demo-008-493d65aa:t01,demo-008-493d65aa:p004
demo-008-493d65aa:t01,demo-008-493d65aa:p005
demo-008-493d65aa:t01,demo-008-493d65aa:p006
demo-008-493d65aa:t01,demo-008-493d65aa:p007
demo-008-493d65aa:t01,demo-008-493d65aa:p008
demo-008-493d65aa:t01,demo-008-493d65aa:p009
demo-009-89415ed4:t01,demo-009-89415ed4:p001
demo-009-89415ed4:t02,demo-009-89415ed4:p002
demo-009-89415ed4:t02,demo-009-89415ed4:p003
demo-009-89415ed4:t03,demo-009-89415ed4:p004
demo-009-89415ed4:t03,demo-009-89415ed4:p005
demo-009-89415ed4:t03,demo-009-89415ed4:p006
demo-009-89415ed4:t03,demo-009-89415ed4:p007
demo-009-89415ed4:t03,demo-009-89415ed4:p008
demo-010-a9987b64:i01,demo-010-a9987b64:p001
demo-010-a9987b64:i02,demo-010-a9987b64:p002
demo-010-a9987b64:i02,demo-010-a9987b64:p003
demo-010-a9987b64:i03,demo-010-a9987b64:p004
demo-010-a9987b64:i03,demo-010-a9987b64:p005
demo-010-a9987b64:i03,demo-010-a9987b64:p006
demo-010-a9987b64:i03,demo-010-a9987b64:p007
demo-010-a9987b64:i03,demo-010-a9987b64:p008
demo-010-a9987b64:i03,demo-010-a9987b64:p009
demo-010-a9987b64:i03,demo-010-a9987b64:p010
demo-011-c50e7639:i01,demo-011-c50e7639:p001
demo-011-c50e7639:i01,demo-011-c50e7639:p002
demo-011-c50e7639:i02,demo-011-c50e7639:p003
demo-011-c50e7639:i02,demo-011-c50e7639:p004
demo-011-c50e7639:i02,demo-011-c50e7639:p005
demo-012-2960a43d:i01,demo-012-2960a43d:p001
demo-012-2960a43d:i02,demo-012-2960a43d:p002
demo-012-2960a43d:i02,demo-012-2960a43d:p003
demo-012-2960a43d:i02,demo-012-2960a43d:p004
demo-012-2960a43d:i03,demo-012-2960a43d:p005
demo-012-2960a43d:i03,demo-012-2960a43d:p006
demo-012-2960a43d:i03,demo-012-2960a43d:p007
demo-012-2960a43d:i03,demo-012-2960a43d:p008
demo-012-2960a43d:i03,demo-012-2960a43d:p009
demo-012-2960a43d:i03,demo-012-2960a43d:p010
demo-012-2960a43d:i04,demo-012-2960a43d:p011
demo-012-2960a43d:i05,demo-012-2960a43d:p012
demo-012-2960a43d:i05,demo-012-2960a43d:p013
demo-012-2960a43d:i06,demo-012-2960a43d:p014
demo-012-2960a43d:i06,demo-012-2960a43d:p015
demo-012-2960a43d:i06,demo-012-2960a43d:p016
demo-013-b9eb2f85:i01,demo-013-b9eb2f85:p001
demo-013-b9eb2f85:i01,demo-013-b9eb2f85:p002
demo-013-b9eb2f85:i01,demo-013-b9eb2f85:p003
demo-013-b9eb2f85:i02,demo-013-b9eb2f85:p004
demo-013-b9eb2f85:i02,demo-013-b9eb2f85:p005
demo-013-b9eb2f85:i02,demo-013-b9eb2f85:p006
demo-013-b9eb2f85:i02,demo-013-b9eb2f85:p007
demo-013-b9eb2f85:i03,demo-013-b9eb2f85:p008
demo-013-b9eb2f85:i03,demo-013-b9eb2f85:p009
demo-013-b9eb2f85:i03,demo-013-b9eb2f85:p010
demo-013-b9eb2f85:i04,demo-013-b9eb2f85:p011
demo-013-b9eb2f85:i04,demo-013-b9eb2f85:p012
demo-013-b9eb2f85:i04,demo-013-b9eb2f85:p013
demo-014-dfa0e9f1:t01,demo-014-dfa0e9f1:p001
demo-014-dfa0e9f1:t01,demo-014-dfa0e9f1:p002
demo-014-dfa0e9f1:t01,demo-014-dfa0e9f1:p003
demo-014-dfa0e9f1:t01,demo-014-dfa0e9f1:p004
demo-014-dfa0e9f1:t01,demo-014-dfa0e9f1:p005
demo-014-dfa0e9f1:t01,demo-014-dfa0e9f1:p006
demo-014-dfa0e9f1:t01,demo-014-dfa0e9f1:p007
demo-014-dfa0e9f1:t01,demo-014-dfa0e9f1:p008
demo-014-dfa0e9f1:t02,demo-014-dfa0e9f1:p009
demo-014-dfa0e9f1:t03,demo-014-dfa0e9f1:p010
demo-014-dfa0e9f1:t03,demo-014-dfa0e9f1:p011
demo-014-dfa0e9f1:t03,demo-014-dfa0e9f1:p012
demo-015-8fc82e35:i01,demo-015-8fc82e35:p001
demo-015-8fc82e35:i02,demo-015-8fc82e35:p002
demo-015-8fc82e35:i03,demo-015-8fc82e35:p003
demo-015-8fc82e35:i04,demo-015-8fc82e35:p004
demo-015-8fc82e35:i05,demo-015-8fc82e35:p005
demo-015-8fc82e35:i05,demo-015-8fc82e35:p006
demo-015-8fc82e35:i06,demo-015-8fc82e35:p007
demo-015-8fc82e35:i06,demo-015-8fc82e35:p008
demo-015-8fc82e35:i07,demo-015-8fc82e35:p009
demo-015-8fc82e35:i08,demo-015-8fc82e35:p010
demo-016-f10087cf:t01,demo-016-f10087cf:p001
demo-016-f10087cf:t01,demo-016-f10087cf:p002
demo-016-f10087cf:t02,demo-016-f10087cf:p003
demo-016-f10087cf:t02,demo-016-f10087cf:p004
demo-016-f10087cf:t02,demo-016-f10087cf:p005
demo-016-f10087cf:t03,demo-016-f10087cf:p006
demo-016-f10087cf:t03,demo-016-f10087cf:p007
demo-016-f10087cf:t03,demo-016-f10087cf:p008
demo-017-4f15148f:t01,demo-017-4f15148f:p001
demo-017-4f15148f:t01,demo-017-4f15148f:p002
demo-017-4f15148f:t02,demo-017-4f15148f:p003
demo-017-4f15148f:t02,demo-017-4f15148f:p004
demo-017-4f15148f:t03,demo-017-4f15148f:p005
demo-017-4f15148f:t03,demo-017-4f15148f:p006
demo-018-48b2c8a5:i01,demo-018-48b2c8a5:p001
demo-018-48b2c8a5:i01,demo-018-48b2c8a5:p002
demo-018-48b2c8a5:i02,demo-018-48b2c8a5:p003
demo-018-48b2c8a5:i02,demo-018-48b2c8a5:p004
demo-018-48b2c8a5:i02,demo-018-48b2c8a5:p005
demo-018-48b2c8a5:i02,demo-018-48b2c8a5:p006
demo-018-48b2c8a5:i02,demo-018-48b2c8a5:p007
demo-018-48b2c8a5:i02,demo-018-48b2c8a5:p008
demo-018-48b2c8a5:i03,demo-018-48b2c8a5:p009
demo-019-158f03c8:i01,demo-019-158f03c8:p001
demo-019-158f03c8:i01,demo-019-158f03c8:p002
demo-019-158f03c8:i01,demo-019-158f03c8:p003
demo-020-0164b3ae:i01,demo-020-0164b3ae:p001
demo-020-0164b3ae:i01,demo-020-0164b3ae:p002
demo-020-0164b3ae:i01,demo-020-0164b3ae:p003
demo-020-0164b3ae:i01,demo-020-0164b3ae:p004
demo-020-0164b3ae:i01,demo-020-0164b3ae:p005
demo-020-0164b3ae:i01,demo-020-0164b3ae:p006
demo-020-0164b3ae:i01,demo-020-0164b3ae:p007
demo-020-0164b3ae:i02,demo-020-0164b3ae:p008
demo-020-0164b3ae:i02,demo-020-0164b3ae:p009
demo-021-7ab39286:i01,demo-021-7ab39286:p001
demo-021-7ab39286:i01,demo-021-7ab39286:p002
demo-021-7ab39286:i02,demo-021-7ab39286:p003
demo-021-7ab39286:i02,demo-021-7ab39286:p004
demo-021-7ab39286:i02,demo-021-7ab39286:p005
demo-021-7ab39286:i03,demo-021-7ab39286:p006
demo-021-7ab39286:i03,demo-021-7ab39286:p007
demo-021-7ab39286:i03,demo-021-7ab39286:p008
demo-021-7ab39286:i03,demo-021-7ab39286:p009
demo-021-7ab39286:i04,demo-021-7ab39286:p010
demo-021-7ab39286:i05,demo-021-7ab39286:p011
demo-021-7ab39286:i06,demo-021-7ab39286:p012
demo-021-7ab39286:i06,demo-021-7ab39286:p013
demo-021-7ab39286:i07,demo-021-7ab39286:p014
demo-021-7ab39286:i08,demo-021-7ab39286:p015
demo-021-7ab39286:i08,demo-021-7ab39286:p016
demo-021-7ab39286:i09,demo-021-7ab39286:p017
demo-021-7ab39286:i10,demo-021-7ab39286:p018
demo-021-7ab39286:i10,demo-021-7ab39286:p019
demo-021-7ab39286:i11,demo-021-7ab39286:p020
demo-021-7ab39286:i11,demo-021-7ab39286:p021
demo-022-abccfffd:i01,demo-022-abccfffd:p001
demo-022-abccfffd:i01,demo-022-abccfffd:p002
demo-022-abccfffd:i01,demo-022-abccfffd:p003
demo-023-042116e8:i01,demo-023-042116e8:p001
demo-023-042116e8:i02,demo-023-042116e8:p002
demo-023-042116e8:i02,demo-023-042116e8:p003
demo-023-042116e8:i02,demo-023-042116e8:p004
demo-023-042116e8:i03,demo-023-042116e8:p005
demo-024-171600f1:t01,demo-024-171600f1:p001
demo-024-171600f1:t01,demo-024-171600f1:p002
demo-024-171600f1:t01,demo-024-171600f1:p003
demo-024-171600f1:t01,demo-024-171600f1:p004
demo-024-171600f1:t02,demo-024-171600f1:p005
demo-024-171600f1:t02,demo-024-171600f1:p006
demo-024-171600f1:t02,demo-024-171600f1:p007
demo-024-171600f1:t02,demo-024-171600f1:p008
demo-024-171600f1:t02,demo-024-171600f1:p009
demo-024-171600f1:t02,demo-024-171600f1:p010
demo-024-171600f1:t02,demo-024-171600f1:p011
demo-024-171600f1:t02,demo-024-171600f1:p012
demo-024-171600f1:t02,demo-024-171600f1:p013
demo-024-171600f1:t02,demo-024-171600f1:p014
demo-024-171600f1:t02,demo-024-171600f1:p015
demo-024-171600f1:t02,demo-024-171600f1:p016
demo-024-171600f1:t02,demo-024-171600f1:p017
demo-024-171600f1:t02,demo-024-171600f1:p018
demo-024-171600f1:t02,demo-024-171600f1:p019
demo-024-171600f1:t02,demo-024-171600f1:p020
demo-024-171600f1:t02,demo-024-171600f1:p021
demo-024-171600f1:t02,demo-024-171600f1:p022
demo-024-171600f1:t02,demo-024-171600f1:p023
demo-024-171600f1:t02,demo-024-171600f1:p024
demo-024-171600f1:t02,demo-024-171600f1:p025
demo-024-171600f1:t02,demo-024-171600f1:p026
demo-025-3ab52417:i01,demo-025-3ab52417:p001
demo-025-3ab52417:i01,demo-025-3ab52417:p002
demo-025-3ab52417:i02,demo-025-3ab52417:p003
demo-025-3ab52417:i03,demo-025-3ab52417:p004
demo-025-3ab52417:i03,demo-025-3ab52417:p005
demo-025-3ab52417:i03,demo-025-3ab52417:p006
demo-025-3ab52417:i04,demo-025-3ab52417:p007
demo-025-3ab52417:i04,demo-025-3ab52417:p008
demo-025-3ab52417:i04,demo-025-3ab52417:p009
demo-025-3ab52417:i04,demo-025-3ab52417:p010
demo-025-3ab52417:i04,demo-025-3ab52417:p011
demo-025-3ab52417:i04,demo-025-3ab52417:p012
demo-025-3ab52417:i04,demo-025-3ab52417:p013
demo-025-3ab52417:i05,demo-025-3ab52417:p014
demo-025-3ab52417:i06,demo-025-3ab52417:p015
demo-025-3ab52417:i06,demo-025-3ab52417:p016
demo-025-3ab52417:i06,demo-025-3ab52417:p017
demo-025-3ab52417:i06,demo-025-3ab52417:p018
demo-025-3ab52417:i06,demo-025-3ab52417:p019
demo-025-3ab52417:i06,demo-025-3ab52417:p020
demo-025-3ab52417:i07,demo-025-3ab52417:p021
demo-025-3ab52417:i07,demo-025-3ab52417:p022
demo-025-3ab52417:i07,demo-025-3ab52417:p023
demo-025-3ab52417:i07,demo-025-3ab52417:p024
demo-025-3ab52417:i08,demo-025-3ab52417:p025
demo-026-34fd07a5:i01,demo-026-34fd07a5:p001
demo-026-34fd07a5:i01,demo-026-34fd07a5:p002
demo-026-34fd07a5:i02,demo-026-34fd07a5:p003
demo-026-34fd07a5:i02,demo-026-34fd07a5:p004
demo-026-34fd07a5:i03,demo-026-34fd07a5:p005
demo-026-34fd07a5:i03,demo-026-34fd07a5:p006
demo-026-34fd07a5:i03,demo-026-34fd07a5:p007
demo-026-34fd07a5:i03,demo-026-34fd07a5:p008
demo-026-34fd07a5:i03,demo-026-34fd07a5:p009
demo-026-34fd07a5:i03,demo-026-34fd07a5:p010
demo-026-34fd07a5:i03,demo-026-34fd07a5:p011
demo-026-34fd07a5:i03,demo-026-34fd07a5:p012
demo-026-34fd07a5:i04,demo-026-34fd07a5:p013
demo-026-34fd07a5:i04,demo-026-34fd07a5:p014
demo-027-446dc987:i01,demo-027-446dc987:p001
demo-027-446dc987:i01,demo-027-446dc987:p002
demo-027-446dc987:i01,demo-027-446dc987:p003
demo-027-446dc987:i01,demo-027-446dc987:p004
demo-027-446dc987:i02,demo-027-446dc987:p005
demo-027-446dc987:i02,demo-027-446dc987:p006
demo-027-446dc987:i03,demo-027-446dc987:p007
demo-027-446dc987:i03,demo-027-446dc987:p008
demo-027-446dc987:i03,demo-027-446dc987:p009
demo-027-446dc987:i03,demo-027-446dc987:p010
demo-027-446dc987:i04,demo-027-446dc987:p011
demo-027-446dc987:i04,demo-027-446dc987:p012
demo-028-8b7d57ec:t01,demo-028-8b7d57ec:p001
demo-028-8b7d57ec:t01,demo-028-8b7d57ec:p002
demo-028-8b7d57ec:t01,demo-028-8b7d57ec:p003
demo-028-8b7d57ec:t01,demo-028-8b7d57ec:p004
demo-028-8b7d57ec:t01,demo-028-8b7d57ec:p005
demo-028-8b7d57ec:t01,demo-028-8b7d57ec:p006
demo-028-8b7d57ec:t01,demo-028-8b7d57ec:p007
demo-028-8b7d57ec:t01,demo-028-8b7d57ec:p008
demo-028-8b7d57ec:t01,demo-028-8b7d57ec:p009
demo-028-8b7d57ec:t01,demo-028-8b7d57ec:p010
demo-029-150b4a07:t01,demo-029-150b4a07:p001
demo-029-150b4a07:t02,demo-029-150b4a07:p002
demo-029-150b4a07:t02,demo-029-150b4a07:p003
demo-029-150b4a07:t02,demo-029-150b4a07:p004
demo-029-150b4a07:t02,demo-029-150b4a07:p005
demo-029-150b4a07:t02,demo-029-150b4a07:p006
demo-029-150b4a07:t02,demo-029-150b4a07:p007
demo-029-150b4a07:t02,demo-029-150b4a07:p008
demo-030-bf94b5aa:i01,demo-030-bf94b5aa:p001
demo-030-bf94b5aa:i01,demo-030-bf94b5aa:p002
demo-030-bf94b5aa:i01,demo-030-bf94b5aa:p003
demo-030-bf94b5aa:i01,demo-030-bf94b5aa:p004
demo-030-bf94b5aa:i01,demo-030-bf94b5aa:p005
demo-030-bf94b5aa:i02,demo-030-bf94b5aa:p006
demo-031-be91e92f:t01,demo-031-be91e92f:p001
demo-031-be91e92f:t01,demo-031-be91e92f:p002
demo-031-be91e92f:t01,demo-031-be91e92f:p003
demo-031-be91e92f:t01,demo-031-be91e92f:p004
demo-031-be91e92f:t01,demo-031-be91e92f:p005
demo-031-be91e92f:t01,demo-031-be91e92f:p006
demo-031-be91e92f:t02,demo-031-be91e92f:p007
demo-031-be91e92f:t02,demo-031-be91e92f:p008
demo-031-be91e92f:t02,demo-031-be91e92f:p009
demo-031-be91e92f:t02,demo-031-be91e92f:p010
demo-032-6adee58a:t01,demo-032-6adee58a:p001
demo-032-6adee58a:t01,demo-032-6adee58a:p002
demo-032-6adee58a:t01,demo-032-6adee58a:p003
demo-032-6adee58a:t01,demo-032-6adee58a:p004
demo-032-6adee58a:t01,demo-032-6adee58a:p005
demo-032-6adee58a:t01,demo-032-6adee58a:p006
demo-033-f8aea77f:i01,demo-033-f8aea77f:p001
demo-033-f8aea77f:i01,demo-033-f8aea77f:p002
demo-033-f8aea77f:i02,demo-033-f8aea77f:p003
demo-033-f8aea77f:i02,demo-033-f8aea77f:p004
demo-033-f8aea77f:i02,demo-033-f8aea77f:p005
demo-033-f8aea77f:i02,demo-033-f8aea77f:p006
demo-033-f8aea77f:i02,demo-033-f8aea77f:p007
demo-033-f8aea77f:i02,demo-033-f8aea77f:p008
demo-033-f8aea77f:i02,demo-033-f8aea77f:p009
demo-034-dc2d0ff1:i01,demo-034-dc2d0ff1:p001
demo-034-dc2d0ff1:i01,demo-034-dc2d0ff1:p002
demo-034-dc2d0ff1:i01,demo-034-dc2d0ff1:p003
demo-034-dc2d0ff1:i02,demo-034-dc2d0ff1:p004
demo-034-dc2d0ff1:i03,demo-034-dc2d0ff1:p005
demo-035-e71503f7:i01,demo-035-e71503f7:p001
demo-035-e71503f7:i01,demo-035-e71503f7:p002
demo-035-e71503f7:i02,demo-035-e71503f7:p003
demo-035-e71503f7:i02,demo-035-e71503f7:p004
demo-035-e71503f7:i02,demo-035-e71503f7:p005
demo-036-6d823204:i01,demo-036-6d823204:p001
demo-036-6d823204:i01,demo-036-6d823204:p002
demo-036-6d823204:i01,demo-036-6d823204:p003
demo-036-6d823204:i02,demo-036-6d823204:p004
demo-036-6d823204:i02,demo-036-6d823204:p005
demo-036-6d823204:i03,demo-036-6d823204:p006
demo-036-6d823204:i03,demo-036-6d823204:p007
demo-036-6d823204:i03,demo-036-6d823204:p008
demo-036-6d823204:i04,demo-036-6d823204:p009
demo-036-6d823204:i04,demo-036-6d823204:p010
demo-036-6d823204:i04,demo-036-6d823204:p011
demo-036-6d823204:i04,demo-036-6d823204:p012
demo-036-6d823204:i05,demo-036-6d823204:p013
demo-036-6d823204:i06,demo-036-6d823204:p014
demo-037-5fd147f9:t01,demo-037-5fd147f9:p001
demo-037-5fd147f9:t01,demo-037-5fd147f9:p002
demo-037-5fd147f9:t01,demo-037-5fd147f9:p003
demo-037-5fd147f9:t01,demo-037-5fd147f9:p004
demo-037-5fd147f9:t01,demo-037-5fd147f9:p005
demo-037-5fd147f9:t01,demo-037-5fd147f9:p006
demo-037-5fd147f9:t02,demo-037-5fd147f9:p007
demo-037-5fd147f9:t02,demo-037-5fd147f9:p008
demo-037-5fd147f9:t02,demo-037-5fd147f9:p009
demo-037-5fd147f9:t02,demo-037-5fd147f9:p010
demo-037-5fd147f9:t02,demo-037-5fd147f9:p011
demo-037-5fd147f9:t02,demo-037-5fd147f9:p012
demo-037-5fd147f9:t02,demo-037-5fd147f9:p013
demo-038-838e1ee4:t01,demo-038-838e1ee4:p001
demo-038-838e1ee4:t01,demo-038-838e1ee4:p002
demo-038-838e1ee4:t01,demo-038-838e1ee4:p003
demo-039-9a1c44b7:i01,demo-039-9a1c44b7:p001
demo-039-9a1c44b7:i01,demo-039-9a1c44b7:p002
demo-039-9a1c44b7:i01,demo-039-9a1c44b7:p003
demo-039-9a1c44b7:i01,demo-039-9a1c44b7:p004
demo-039-9a1c44b7:i02,demo-039-9a1c44b7:p005
demo-040-a17d2749:i01,demo-040-a17d2749:p001
demo-040-a17d2749:i01,demo-040-a17d2749:p002
demo-040-a17d2749:i01,demo-040-a17d2749:p003
demo-041-5404f6ff:i01,demo-041-5404f6ff:p001
demo-041-5404f6ff:i01,demo-041-5404f6ff:p002
demo-041-5404f6ff:i02,demo-041-5404f6ff:p003
demo-041-5404f6ff:i02,demo-041-5404f6ff:p004
demo-041-5404f6ff:i02,demo-041-5404f6ff:p005
demo-041-5404f6ff:i02,demo-041-5404f6ff:p006
demo-041-5404f6ff:i02,demo-041-5404f6ff:p007
demo-041-5404f6ff:i02,demo-041-5404f6ff:p008
demo-041-5404f6ff:i02,demo-041-5404f6ff:p009
demo-041-5404f6ff:i02,demo-041-5404f6ff:p010
demo-041-5404f6ff:i03,demo-041-5404f6ff:p011
demo-041-5404f6ff:i03,demo-041-5404f6ff:p012
demo-041-5404f6ff:i04,demo-041-5404f6ff:p013
demo-041-5404f6ff:i04,demo-041-5404f6ff:p014
demo-041-5404f6ff:i04,demo-041-5404f6ff:p015
demo-041-5404f6ff:i04,demo-041-5404f6ff:p016
demo-042-854ce295:i01,demo-042-854ce295:p001
demo-042-854ce295:i01,demo-042-854ce295:p002
demo-042-854ce295:i01,demo-042-854ce295:p003
demo-042-854ce295:i01,demo-042-854ce295:p004
demo-043-0defbc1a:i01,demo-043-0defbc1a:p001
demo-043-0defbc1a:i01,demo-043-0defbc1a:p002
demo-043-0defbc1a:i01,demo-043-0defbc1a:p003
demo-043-0defbc1a:i01,demo-043-0defbc1a:p004
demo-043-0defbc1a:i01,demo-043-0defbc1a:p005
demo-043-0defbc1a:i01,demo-043-0defbc1a:p006
demo-043-0defbc1a:i01,demo-043-0defbc1a:p007
demo-043-0defbc1a:i01,demo-043-0defbc1a:p008
demo-044-fcca5162:t01,demo-044-fcca5162:p001
demo-044-fcca5162:t01,demo-044-fcca5162:p002
demo-044-fcca5162:t01,demo-044-fcca5162:p003
demo-045-66a1a317:i01,demo-045-66a1a317:p001
demo-045-66a1a317:i01,demo-045-66a1a317:p002
demo-045-66a1a317:i01,demo-045-66a1a317:p003
demo-045-66a1a317:i01,demo-045-66a1a317:p004
demo-046-6994d0af:i01,demo-046-6994d0af:p001
demo-046-6994d0af:i01,demo-046-6994d0af:p002
demo-046-6994d0af:i01,demo-046-6994d0af:p003
demo-046-6994d0af:i02,demo-046-6994d0af:p004
demo-047-384829d9:i01,demo-047-384829d9:p001
demo-047-384829d9:i01,demo-047-384829d9:p002
demo-047-384829d9:i01,demo-047-384829d9:p003
demo-047-384829d9:i01,demo-047-384829d9:p004
demo-047-384829d9:i02,demo-047-384829d9:p005
demo-047-384829d9:i02,demo-047-384829d9:p006
demo-047-384829d9:i02,demo-047-384829d9:p007
demo-047-384829d9:i02,demo-047-384829d9:p008
demo-047-384829d9:i03,demo-047-384829d9:p009
demo-047-384829d9:i03,demo-047-384829d9:p010
demo-047-384829d9:i03,demo-047-384829d9:p011
demo-047-384829d9:i03,demo-047-384829d9:p012
demo-047-384829d9:i03,demo-047-384829d9:p013
demo-047-384829d9:i04,demo-047-384829d9:p014
demo-047-384829d9:i05,demo-047-384829d9:p015
demo-047-384829d9:i05,demo-047-384829d9:p016
demo-047-384829d9:i05,demo-047-384829d9:p017
demo-047-384829d9:i05,demo-047-384829d9:p018
demo-047-384829d9:i06,demo-047-384829d9:p019
demo-047-384829d9:i07,demo-047-384829d9:p020
demo-047-384829d9:i07,demo-047-384829d9:p021
demo-047-384829d9:i07,demo-047-384829d9:p022
demo-047-384829d9:i07,demo-047-384829d9:p023
demo-047-384829d9:i07,demo-047-384829d9:p024
demo-047-384829d9:i08,demo-047-384829d9:p025
demo-047-384829d9:i08,demo-047-384829d9:p026
demo-047-384829d9:i09,demo-047-384829d9:p027
demo-047-384829d9:i09,demo-047-384829d9:p028
demo-047-384829d9:i09,demo-047-384829d9:p029
demo-047-384829d9:i09,demo-047-384829d9:p030
demo-048-b3e19be6:i01,demo-048-b3e19be6:p001
demo-048-b3e19be6:i02,demo-048-b3e19be6:p002
demo-048-b3e19be6:i02,demo-048-b3e19be6:p003
demo-048-b3e19be6:i02,demo-048-b3e19be6:p004
demo-048-b3e19be6:i02,demo-048-b3e19be6:p005
demo-048-b3e19be6:i02,demo-048-b3e19be6:p006
demo-048-b3e19be6:i02,demo-048-b3e19be6:p007
demo-048-b3e19be6:i02,demo-048-b3e19be6:p008
demo-048-b3e19be6:i02,demo-048-b3e19be6:p009
demo-049-b2e88d4b:i01,demo-049-b2e88d4b:p001
demo-049-b2e88d4b:i01,demo-049-b2e88d4b:p002
demo-049-b2e88d4b:i01,demo-049-b2e88d4b:p003
demo-049-b2e88d4b:i01,demo-049-b2e88d4b:p004
demo-049-b2e88d4b:i02,demo-049-b2e88d4b:p005
demo-049-b2e88d4b:i02,demo-049-b2e88d4b:p006
demo-050-58ef0b37:t01,demo-050-58ef0b37:p001
demo-050-58ef0b37:t01,demo-050-58ef0b37:p002
demo-050-58ef0b37:t01,demo-050-58ef0b37:p003
demo-051-ecba3aff:t01,demo-051-ecba3aff:p001
demo-051-ecba3aff:t01,demo-051-ecba3aff:p002
demo-051-ecba3aff:t01,demo-051-ecba3aff:p003
demo-051-ecba3aff:t01,demo-051-ecba3aff:p004
demo-051-ecba3aff:t01,demo-051-ecba3aff:p005
demo-051-ecba3aff:t01,demo-051-ecba3aff:p006
demo-051-ecba3aff:t01,demo-051-ecba3aff:p007
demo-051-ecba3aff:t01,demo-051-ecba3aff:p008
demo-051-ecba3aff:t01,demo-051-ecba3aff:p009
demo-051-ecba3aff:t01,demo-051-ecba3aff:p010
demo-051-ecba3aff:t01,demo-051-ecba3aff:p011
demo-051-ecba3aff:t01,demo-051-ecba3aff:p012
demo-051-ecba3aff:t01,demo-051-ecba3aff:p013
demo-051-ecba3aff:t01,demo-051-ecba3aff:p014
demo-051-ecba3aff:t01,demo-051-ecba3aff:p015
demo-051-ecba3aff:t01,demo-051-ecba3aff:p016
demo-051-ecba3aff:t01,demo-051-ecba3aff:p017
demo-051-ecba3aff:t01,demo-051-ecba3aff:p018
demo-051-ecba3aff:t01,demo-051-ecba3aff:p019
demo-051-ecba3aff:t01,demo-051-ecba3aff:p020
demo-051-ecba3aff:t01,demo-051-ecba3aff:p021
demo-051-ecba3aff:t01,demo-051-ecba3aff:p022
demo-051-ecba3aff:t01,demo-051-ecba3aff:p023
demo-051-ecba3aff:t01,demo-051-ecba3aff:p024
demo-051-ecba3aff:t01,demo-051-ecba3aff:p025
demo-051-ecba3aff:t01,demo-051-ecba3aff:p026
demo-052-3ae50165:i01,demo-052-3ae50165:p001
demo-052-3ae50165:i01,demo-052-3ae50165:p002
demo-052-3ae50165:i01,demo-052-3ae50165:p003
demo-052-3ae50165:i01,demo-052-3ae50165:p004
demo-052-3ae50165:i01,demo-052-3ae50165:p005
demo-052-3ae50165:i01,demo-052-3ae50165:p006
demo-052-3ae50165:i01,demo-052-3ae50165:p007
demo-052-3ae50165:i02,demo-052-3ae50165:p008
demo-052-3ae50165:i02,demo-052-3ae50165:p009
demo-052-3ae50165:i02,demo-052-3ae50165:p010
demo-053-1e662cf7:i01,demo-053-1e662cf7:p001
demo-053-1e662cf7:i02,demo-053-1e662cf7:p002
demo-053-1e662cf7:i02,demo-053-1e662cf7:p003
demo-053-1e662cf7:i02,demo-053-1e662cf7:p004
demo-053-1e662cf7:i02,demo-053-1e662cf7:p005
demo-053-1e662cf7:i02,demo-053-1e662cf7:p006
demo-053-1e662cf7:i02,demo-053-1e662cf7:p007
demo-053-1e662cf7:i02,demo-053-1e662cf7:p008
demo-053-1e662cf7:i02,demo-053-1e662cf7:p009
demo-053-1e662cf7:i03,demo-053-1e662cf7:p010
demo-053-1e662cf7:i03,demo-053-1e662cf7:p011
demo-053-1e662cf7:i03,demo-053-1e662cf7:p012
demo-054-64f3d835:i01,demo-054-64f3d835:p001
demo-054-64f3d835:i01,demo-054-64f3d835:p002
demo-054-64f3d835:i01,demo-054-64f3d835:p003
demo-054-64f3d835:i01,demo-054-64f3d835:p004
demo-054-64f3d835:i01,demo-054-64f3d835:p005
demo-054-64f3d835:i01,demo-054-64f3d835:p006
demo-055-7446d42d:i01,demo-055-7446d42d:p001
demo-055-7446d42d:i01,demo-055-7446d42d:p002
demo-055-7446d42d:i01,demo-055-7446d42d:p003
demo-055-7446d42d:i01,demo-055-7446d42d:p004
demo-055-7446d42d:i02,demo-055-7446d42d:p005
demo-055-7446d42d:i02,demo-055-7446d42d:p006
demo-056-50481bee:i01,demo-056-50481bee:p001
demo-056-50481bee:i02,demo-056-50481bee:p002
demo-056-50481bee:i02,demo-056-50481bee:p003
demo-057-cba49dce:i01,demo-057-cba49dce:p001
demo-057-cba49dce:i01,demo-057-cba49dce:p002
demo-057-cba49dce:i02,demo-057-cba49dce:p003
demo-057-cba49dce:i02,demo-057-cba49dce:p004
demo-057-cba49dce:i02,demo-057-cba49dce:p005
demo-058-72dc9829:t01,demo-058-72dc9829:p001
demo-058-72dc9829:t01,demo-058-72dc9829:p002
demo-058-72dc9829:t01,demo-058-72dc9829:p003
demo-058-72dc9829:t01,demo-058-72dc9829:p004
demo-058-72dc9829:t02,demo-058-72dc9829:p005
demo-058-72dc9829:t02,demo-058-72dc9829:p006
demo-058-72dc9829:t02,demo-058-72dc9829:p007
demo-058-72dc9829:t02,demo-058-72dc9829:p008
demo-058-72dc9829:t02,demo-058-72dc9829:p009
demo-058-72dc9829:t02,demo-058-72dc9829:p010
demo-058-72dc9829:t02,demo-058-72dc9829:p011
demo-058-72dc9829:t02,demo-058-72dc9829:p012
demo-058-72dc9829:t03,demo-058-72dc9829:p013
demo-059-6ef2d936:t01,demo-059-6ef2d936:p001
demo-059-6ef2d936:t01,demo-059-6ef2d936:p002
demo-059-6ef2d936:t01,demo-059-6ef2d936:p003
demo-059-6ef2d936:t01,demo-059-6ef2d936:p004
demo-059-6ef2d936:t01,demo-059-6ef2d936:p005
demo-059-6ef2d936:t01,demo-059-6ef2d936:p006
demo-059-6ef2d936:t01,demo-059-6ef2d936:p007
demo-059-6ef2d936:t02,demo-059-6ef2d936:p008
demo-060-13bc9eb3:t01,demo-060-13bc9eb3:p001
demo-060-13bc9eb3:t01,demo-060-13bc9eb3:p002
demo-060-13bc9eb3:t02,demo-060-13bc9eb3:p003
demo-060-13bc9eb3:t02,demo-060-13bc9eb3:p004
demo-060-13bc9eb3:t03,demo-060-13bc9eb3:p005
demo-060-13bc9eb3:t03,demo-060-13bc9eb3:p006
demo-060-13bc9eb3:t03,demo-060-13bc9eb3:p007
demo-060-13bc9eb3:t03,demo-060-13bc9eb3:p008
demo-060-13bc9eb3:t03,demo-060-13bc9eb3:p009
demo-060-13bc9eb3:t03,demo-060-13bc9eb3:p010
demo-060-13bc9eb3:t03,demo-060-13bc9eb3:p011
demo-060-13bc9eb3:t03,demo-060-13bc9eb3:p012
demo-060-13bc9eb3:t03,demo-060-13bc9eb3:p013
demo-060-13bc9eb3:t03,demo-060-13bc9eb3:p014
demo-061-0677b40c:i01,demo-061-0677b40c:p001
demo-061-0677b40c:i01,demo-061-0677b40c:p002
demo-061-0677b40c:i02,demo-061-0677b40c:p003
demo-061-0677b40c:i02,demo-061-0677b40c:p004
demo-061-0677b40c:i02,demo-061-0677b40c:p005
demo-062-1a26be3b:t01,demo-062-1a26be3b:p001
demo-062-1a26be3b:t01,demo-062-1a26be3b:p002
demo-062-1a26be3b:t01,demo-062-1a26be3b:p003
demo-062-1a26be3b:t01,demo-062-1a26be3b:p004
demo-062-1a26be3b:t01,demo-062-1a26be3b:p005
demo-062-1a26be3b:t01,demo-062-1a26be3b:p006
demo-062-1a26be3b:t01,demo-062-1a26be3b:p007
demo-062-1a26be3b:t01,demo-062-1a26be3b:p008
demo-062-1a26be3b:t01,demo-062-1a26be3b:p009
demo-062-1a26be3b:t01,demo-062-1a26be3b:p010
demo-062-1a26be3b:t01,demo-062-1a26be3b:p011
demo-062-1a26be3b:t01,demo-062-1a26be3b:p012
demo-062-1a26be3b:t01,demo-062-1a26be3b:p013
demo-062-1a26be3b:t01,demo-062-1a26be3b:p014
demo-063-2a07a210:i01,demo-063-2a07a210:p001
demo-064-9e8f5bad:i01,demo-064-9e8f5bad:p001
demo-064-9e8f5bad:i01,demo-064-9e8f5bad:p002
demo-064-9e8f5bad:i01,demo-064-9e8f5bad:p003
demo-064-9e8f5bad:i01,demo-064-9e8f5bad:p004
demo-064-9e8f5bad:i02,demo-064-9e8f5bad:p005
demo-064-9e8f5bad:i02,demo-064-9e8f5bad:p006
demo-064-9e8f5bad:i02,demo-064-9e8f5bad:p007
demo-064-9e8f5bad:i02,demo-064-9e8f5bad:p008
demo-064-9e8f5bad:i02,demo-064-9e8f5bad:p009
demo-064-9e8f5bad:i02,demo-064-9e8f5bad:p010
demo-064-9e8f5bad:i02,demo-064-9e8f5bad:p011
demo-064-9e8f5bad:i02,demo-064-9e8f5bad:p012
demo-065-b1174f4c:i01,demo-065-b1174f4c:p001
demo-065-b1174f4c:i02,demo-065-b1174f4c:p002
demo-065-b1174f4c:i02,demo-065-b1174f4c:p003
demo-065-b1174f4c:i02,demo-065-b1174f4c:p004
demo-065-b1174f4c:i02,demo-065-b1174f4c:p005
demo-065-b1174f4c:i02,demo-065-b1174f4c:p006
demo-066-48dadfab:i01,demo-066-48dadfab:p001
demo-066-48dadfab:i02,demo-066-48dadfab:p002
demo-066-48dadfab:i02,demo-066-48dadfab:p003
demo-066-48dadfab:i02,demo-066-48dadfab:p004
demo-066-48dadfab:i02,demo-066-48dadfab:p005
demo-066-48dadfab:i02,demo-066-48dadfab:p006
demo-066-48dadfab:i03,demo-066-48dadfab:p007
demo-066-48dadfab:i03,demo-066-48dadfab:p008
demo-066-48dadfab:i03,demo-066-48dadfab:p009
demo-066-48dadfab:i04,demo-066-48dadfab:p010
demo-066-48dadfab:i04,demo-066-48dadfab:p011
demo-066-48dadfab:i04,demo-066-48dadfab:p012
demo-066-48dadfab:i04,demo-066-48dadfab:p013
demo-067-2a53fc32:i01,demo-067-2a53fc32:p001
demo-067-2a53fc32:i02,demo-067-2a53fc32:p002
demo-067-2a53fc32:i02,demo-067-2a53fc32:p003
demo-067-2a53fc32:i02,demo-067-2a53fc32:p004
demo-067-2a53fc32:i02,demo-067-2a53fc32:p005
demo-068-8f78e097:i01,demo-068-8f78e097:p001
demo-068-8f78e097:i01,demo-068-8f78e097:p002
demo-068-8f78e097:i01,demo-068-8f78e097:p003
demo-068-8f78e097:i02,demo-068-8f78e097:p004
demo-068-8f78e097:i02,demo-068-8f78e097:p005
demo-068-8f78e097:i03,demo-068-8f78e097:p006
demo-068-8f78e097:i03,demo-068-8f78e097:p007
demo-068-8f78e097:i04,demo-068-8f78e097:p008
demo-068-8f78e097:i04,demo-068-8f78e097:p009
demo-068-8f78e097:i05,demo-068-8f78e097:p010
demo-068-8f78e097:i06,demo-068-8f78e097:p011
demo-068-8f78e097:i07,demo-068-8f78e097:p012
demo-068-8f78e097:i07,demo-068-8f78e097:p013
demo-068-8f78e097:i08,demo-068-8f78e097:p014
demo-068-8f78e097:i08,demo-068-8f78e097:p015
demo-068-8f78e097:i08,demo-068-8f78e097:p016
demo-068-8f78e097:i08,demo-068-8f78e097:p017
demo-068-8f78e097:i09,demo-068-8f78e097:p018
demo-069-9f65b230:i01,demo-069-9f65b230:p001
demo-069-9f65b230:i01,demo-069-9f65b230:p002
demo-069-9f65b230:i01,demo-069-9f65b230:p003
demo-069-9f65b230:i01,demo-069-9f65b230:p004
demo-069-9f65b230:i01,demo-069-9f65b230:p005
demo-069-9f65b230:i01,demo-069-9f65b230:p006
demo-069-9f65b230:i01,demo-069-9f65b230:p007
demo-069-9f65b230:i01,demo-069-9f65b230:p008
demo-070-e2fb3299:t01,demo-070-e2fb3299:p001
demo-070-e2fb3299:t02,demo-070-e2fb3299:p002
demo-070-e2fb3299:t02,demo-070-e2fb3299:p003
demo-070-e2fb3299:t02,demo-070-e2fb3299:p004
demo-070-e2fb3299:t02,demo-070-e2fb3299:p005
demo-070-e2fb3299:t02,demo-070-e2fb3299:p006
demo-070-e2fb3299:t02,demo-070-e2fb3299:p007
demo-070-e2fb3299:t02,demo-070-e2fb3299:p008
demo-070-e2fb3299:t02,demo-070-e2fb3299:p009
demo-070-e2fb3299:t02,demo-070-e2fb3299:p010
demo-070-e2fb3299:t02,demo-070-e2fb3299:p011
demo-070-e2fb3299:t02,demo-070-e2fb3299:p012
demo-071-f56a0338:i01,demo-071-f56a0338:p001
demo-071-f56a0338:i01,demo-071-f56a0338:p002
demo-071-f56a0338:i02,demo-071-f56a0338:p003
demo-071-f56a0338:i02,demo-071-f56a0338:p004
demo-071-f56a0338:i02,demo-071-f56a0338:p005
demo-071-f56a0338:i03,demo-071-f56a0338:p006
demo-071-f56a0338:i03,demo-071-f56a0338:p007
demo-071-f56a0338:i03,demo-071-f56a0338:p008
demo-071-f56a0338:i04,demo-071-f56a0338:p009
demo-071-f56a0338:i05,demo-071-f56a0338:p010
demo-071-f56a0338:i05,demo-071-f56a0338:p011
demo-071-f56a0338:i05,demo-071-f56a0338:p012
demo-071-f56a0338:i06,demo-071-f56a0338:p013
demo-071-f56a0338:i06,demo-071-f56a0338:p014
demo-071-f56a0338:i06,demo-071-f56a0338:p015
demo-071-f56a0338:i07,demo-071-f56a0338:p016
demo-071-f56a0338:i07,demo-071-f56a0338:p017
demo-071-f56a0338:i07,demo-071-f56a0338:p018
demo-071-f56a0338:i07,demo-071-f56a0338:p019
demo-071-f56a0338:i08,demo-071-f56a0338:p020
demo-071-f56a0338:i08,demo-071-f56a0338:p021
demo-072-fe57191e:t01,demo-072-fe57191e:p001
demo-072-fe57191e:t01,demo-072-fe57191e:p002
demo-072-fe57191e:t01,demo-072-fe57191e:p003
demo-072-fe57191e:t01,demo-072-fe57191e:p004
demo-072-fe57191e:t01,demo-072-fe57191e:p005
demo-072-fe57191e:t01,demo-072-fe57191e:p006
demo-072-fe57191e:t01,demo-072-fe57191e:p007
demo-072-fe57191e:t01,demo-072-fe57191e:p008
demo-072-fe57191e:t01,demo-072-fe57191e:p009
demo-073-5c9d18a6:i01,demo-073-5c9d18a6:p001
demo-073-5c9d18a6:i01,demo-073-5c9d18a6:p002
demo-073-5c9d18a6:i02,demo-073-5c9d18a6:p003
demo-073-5c9d18a6:i02,demo-073-5c9d18a6:p004
demo-073-5c9d18a6:i03,demo-073-5c9d18a6:p005
demo-073-5c9d18a6:i03,demo-073-5c9d18a6:p006
demo-073-5c9d18a6:i03,demo-073-5c9d18a6:p007
demo-073-5c9d18a6:i04,demo-073-5c9d18a6:p008
demo-073-5c9d18a6:i04,demo-073-5c9d18a6:p009
demo-073-5c9d18a6:i05,demo-073-5c9d18a6:p010
demo-073-5c9d18a6:i05,demo-073-5c9d18a6:p011
demo-073-5c9d18a6:i05,demo-073-5c9d18a6:p012
demo-074-21a62751:i01,demo-074-21a62751:p001
demo-074-21a62751:i02,demo-074-21a62751:p002
demo-074-21a62751:i03,demo-074-21a62751:p003
demo-074-21a62751:i03,demo-074-21a62751:p004
demo-074-21a62751:i03,demo-074-21a62751:p005
demo-075-125ca850:t01,demo-075-125ca850:p001
demo-075-125ca850:t01,demo-075-125ca850:p002
demo-075-125ca850:t01,demo-075-125ca850:p003
demo-075-125ca850:t01,demo-075-125ca850:p004
demo-075-125ca850:t01,demo-075-125ca850:p005
demo-075-125ca850:t01,demo-075-125ca850:p006
demo-075-125ca850:t01,demo-075-125ca850:p007
demo-075-125ca850:t01,demo-075-125ca850:p008
demo-075-125ca850:t01,demo-075-125ca850:p009
demo-075-125ca850:t01,demo-075-125ca850:p010
demo-075-125ca850:t01,demo-075-125ca850:p011
demo-075-125ca850:t01,demo-075-125ca850:p012
demo-075-125ca850:t01,demo-075-125ca850:p013
demo-075-125ca850:t01,demo-075-125ca850:p014
demo-075-125ca850:t01,demo-075-125ca850:p015
demo-075-125ca850:t01,demo-075-125ca850:p016
demo-075-125ca850:t01,demo-075-125ca850:p017
demo-075-125ca850:t01,demo-075-125ca850:p018
demo-075-125ca850:t01,demo-075-125ca850:p019
demo-075-125ca850:t01,demo-075-125ca850:p020
demo-075-125ca850:t01,demo-075-125ca850:p021
demo-076-61e5e38e:t01,demo-076-61e5e38e:p001
demo-076-61e5e38e:t01,demo-076-61e5e38e:p002
demo-076-61e5e38e:t01,demo-076-61e5e38e:p003
demo-076-61e5e38e:t01,demo-076-61e5e38e:p004
demo-076-61e5e38e:t01,demo-076-61e5e38e:p005
demo-076-61e5e38e:t01,demo-076-61e5e38e:p006
demo-076-61e5e38e:t01,demo-076-61e5e38e:p007
demo-076-61e5e38e:t01,demo-076-61e5e38e:p008
demo-076-61e5e38e:t01,demo-076-61e5e38e:p009
demo-076-61e5e38e:t01,demo-076-61e5e38e:p010
demo-077-10383537:t01,demo-077-10383537:p001
demo-077-10383537:t01,demo-077-10383537:p002
demo-077-10383537:t01,demo-077-10383537:p003
demo-077-10383537:t02,demo-077-10383537:p004
demo-078-26379ada:t01,demo-078-26379ada:p001
demo-078-26379ada:t01,demo-078-26379ada:p002
demo-078-26379ada:t01,demo-078-26379ada:p003
demo-078-26379ada:t01,demo-078-26379ada:p004
demo-078-26379ada:t01,demo-078-26379ada:p005
demo-078-26379ada:t01,demo-078-26379ada:p006
demo-078-26379ada:t01,demo-078-26379ada:p007
demo-078-26379ada:t01,demo-078-26379ada:p008
demo-078-26379ada:t01,demo-078-26379ada:p009
demo-079-9675b6d9:i01,demo-079-9675b6d9:p001
